{
  "__OBJ_TYPE": "SkillSystemCfg",
  "AntiClockwise": false,
  "attackBound": {
    "__OBJ_TYPE": "AttackBound",
    "angle": {
      "__OBJ_TYPE": "ValueRange",
      "max": 360,
      "min": 0
    },
    "height": 2,
    "height_c": 2,
    "memory": {
      "__OBJ_TYPE": "BoundingVolumeMemory",
      "Capsule": "",
      "Cylinder": "",
      "Sector": "",
      "Sphere": ""
    },
    "position": {
      "__OBJ_TYPE": "Vector3",
      "x": 0,
      "y": 0,
      "z": 0
    },
    "preview_dialog": {
      "__OBJ_TYPE": "CollisionboxPreview",
      "preview": false
    },
    "radius": 0.5,
    "radius_c": 0.5,
    "rotate": {
      "__OBJ_TYPE": "Vector3",
      "x": 0,
      "y": 0,
      "z": 0
    },
    "size": {
      "__OBJ_TYPE": "Vector3",
      "x": 1,
      "y": 1,
      "z": 1
    },
    "type": "Capsule"
  },
  "attackBoundSkillSystemCfg": {
    "__OBJ_TYPE": "BoundPreview",
    "angle": {
      "__OBJ_TYPE": "ValueRange",
      "max": 360,
      "min": 0
    },
    "height": 1,
    "height_c": 2,
    "memory": {
      "__OBJ_TYPE": "BoundingVolumeMemory",
      "Capsule": "1.000000-0.500000",
      "Cylinder": "1.000000-0.500000",
      "Sector": "1.000000-0.500000",
      "Sphere": "1.000000-0.500000"
    },
    "position": {
      "__OBJ_TYPE": "Vector3",
      "x": 0,
      "y": 0,
      "z": 0
    },
    "radius": 0.5,
    "radius_c": 0.5,
    "rotate": {
      "__OBJ_TYPE": "Vector3",
      "x": 0,
      "y": 0,
      "z": 0
    },
    "size": {
      "__OBJ_TYPE": "Vector3",
      "x": 1,
      "y": 1,
      "z": 1
    },
    "type": "Capsule"
  },
  "attackTarget": {
    "__OBJ_TYPE": "AttackTarget",
    "attackEntity": "hitAllConfigEntity",
    "attackTeam": "hitAllTeam",
    "entityList": [],
    "targetType": "hitNpc",
    "teamList": []
  },
  "beginCoolDown": "",
  "castAction": {
    "__OBJ_TYPE": "SkillReleaseAction",
    "castAction": "attack6",
    "castActionTime": {
      "__OBJ_TYPE": "Time",
      "value": 20
    },
    "custom_time": false
  },
  "castEffect": {
    "__OBJ_TYPE": "EntityEffect",
    "effect": {
      "__OBJ_TYPE": "Resource_Effect",
      "asset": "",
      "selector": ""
    },
    "once": true,
    "pos": {
      "__OBJ_TYPE": "Vector3",
      "x": 0,
      "y": 0,
      "z": 0
    },
    "scale": {
      "__OBJ_TYPE": "Vector3",
      "x": 1,
      "y": 1,
      "z": 1
    },
    "selfOnly": false,
    "yaw": 0
  },
  "castInterval": {
    "__OBJ_TYPE": "Time",
    "value": 0
  },
  "castSound": {
    "__OBJ_TYPE": "CastSound",
    "attenuationType": "0",
    "is3dSound": false,
    "loop": false,
    "losslessDistance": 5,
    "maxDistance": 20,
    "playRate": 1,
    "selfOnly": false,
    "sound": {
      "__OBJ_TYPE": "Resource_Sound",
      "asset": "",
      "selector": ""
    },
    "volume": {
      "__OBJ_TYPE": "Percentage",
      "value": 1
    }
  },
  "cdAnimation": "",
  "cdTime": {
    "__OBJ_TYPE": "Time",
    "value": 0
  },
  "chargeAntiClockwise": false,
  "chargeCdAnimation": "",
  "chargeCdTime": {
    "__OBJ_TYPE": "Time",
    "value": 0
  },
  "chargeEnableCdMask": false,
  "chargeEnableCdTip": false,
  "chargeFillPosition": "",
  "chargeFillType": "Horizontal",
  "chargeIsShowCdPoint": false,
  "chargeTimes": 2,
  "damage": 20,
  "enableCdMask": false,
  "enableCdTip": false,
  "enableChargeTime": false,
  "FillPosition": "",
  "FillType": "Horizontal",
  "hitEntitySound": {
    "__OBJ_TYPE": "CastSound",
    "attenuationType": "0",
    "is3dSound": false,
    "loop": false,
    "losslessDistance": 5,
    "maxDistance": 20,
    "playRate": 1,
    "selfOnly": false,
    "sound": {
      "__OBJ_TYPE": "Resource_Sound",
      "asset": "",
      "selector": ""
    },
    "volume": {
      "__OBJ_TYPE": "Percentage",
      "value": 1
    }
  },
  "hurtDistance": 0.1,
  "isLimit": false,
  "isShowCdPoint": false,
  "isTouch": false,
  "lifeTime": {
    "__OBJ_TYPE": "Time",
    "value": 2
  },
  "maxAttackNumber": 1,
  "missile": "32053b23-ae04-42dc-8e90-d7a22f2e4961",
  "name": {
    "__OBJ_TYPE": "Text",
    "value": "skill_system_267b2385-6bc1-4b4c-a1bf-729255a35fac"
  },
  "preKillTime": {
    "__OBJ_TYPE": "Time",
    "value": 0
  },
  "recoveryTimes": "",
  "skill1": "267b2385-6bc1-4b4c-a1bf-729255a35fac",
  "skill2": "c82ae821-3077-4a9f-a3c3-593f8becaf97",
  "skillIcon": {
    "__OBJ_TYPE": "Resource_SkillTexture",
    "asset": "asset/kisspng-computer-icons-symbol-peace-fist-5abf03ad591835.5448152615224677573649.png",
    "selector": ""
  },
  "skillIconPos": {
    "__OBJ_TYPE": "SkillIconPos",
    "area_number": 8
  },
  "skillIconPushed": {
    "__OBJ_TYPE": "Resource_SkillTexture",
    "asset": "",
    "selector": ""
  }
}