{
  "autoRotateColliderBox": true,
  "collideEntity": 6,
  "collider": {
    "extent": {
      "x": 4,
      "y": 4,
      "z": 4
    },
    "offset": {
      "x": 0,
      "y": 0,
      "z": 0
    },
    "rotation": {
      "x": 0,
      "y": 0,
      "z": 0
    },
    "type": "Box"
  },
  "followTarget": false,
  "followTargetRotation": true,
  "followTargetRotationOffset": {
    "x": 0,
    "y": 0,
    "z": 0
  },
  "gravity": 0,
  "hitEntitySkill": "myplugin/3eaaab93-2bfb-4bf3-9bbc-5275b7e8ec6b",
  "hitEntitysRoles": [
    "hitAllTeam",
    "hitAllEntitys",
    "hitAllConfigEntity"
  ],
  "hitInterval": 10,
  "isPitch": true,
  "lifeTime": 100,
  "lockRotateBodyPitch": 0,
  "lockRotateBodyRoll": 0,
  "lockRotateBodyYaw": 0,
  "modelSizeScale": {
    "x": 1,
    "y": 1,
    "z": 1
  },
  "moveAcc": 0,
  "moveSpeed": 2,
  "rotateFree": true,
  "rotateSpeed": 0,
  "startWithMoveAcc": true,
  "vanishShow": false,
  "vanishTime": 10
}