{
  "bake_texture_size": 64,
  "blinn": 0,
  "canBreak": true,
  "hdr": 0,
  "hideCloud": true,
  "is_bake_light_effect_visible": false,
  "moveDownGravity": 0.15,
  "scene": [
    {
      "attributes": [],
      "class": "VoxelTerrain",
      "customProperties": [],
      "properties": {
        "__folder_id": "",
        "collisionGroup": "1",
        "id": "26644713697705985",
        "isVisibleInEditor": "true",
        "name": "VoxelTerrain",
        "uniqueKey": "map001",
        "useForCollision": "false"
      }
    },
    {
      "class": "Light",
      "customProperties": [],
      "properties": {
        "bakeTextureWeight": "1",
        "batchType": "Dynamic",
        "canAcceptShadow": "true",
        "canGenerateShadow": "true",
        "id": "8636598139055390721",
        "ID": "0",
        "isVisibleInEditor": "true",
        "lightActived": "true",
        "lightAngle": "30.0",
        "lightBrightness": "1.0",
        "lightColor": "r:1.0 g:1.0 b:1.0 a:1.0",
        "lightLength": "1.0",
        "lightRange": "8.0",
        "lightType": "GlobalLight",
        "lightWidth": "1.0",
        "name": "EnvironmentLight",
        "needSync": "true",
        "position": "x:0 y:0 z:0",
        "rotation": "x:0 y:0 z:0",
        "scale": "x:1 y:1 z:1",
        "selectable": "true",
        "shadowsDistance": "20.0",
        "shadowsIntensity": "1.0",
        "shadowsOffset": "0.02",
        "shadowsPresicion": "1024",
        "shadowsType": "null",
        "skyColor": "r:0.498039215686275 g:0.513725490196078 b:0.545098039215686 a:1.0",
        "skyLineColor": "r:0.498039215686275 g:0.513725490196078 b:0.545098039215686 a:1.0",
        "useAnchor": "false",
        "useForCollision": "false"
      }
    },
    {
      "class": "Light",
      "customProperties": [],
      "properties": {
        "bakeTextureWeight": "1",
        "batchType": "Dynamic",
        "canAcceptShadow": "true",
        "canGenerateShadow": "true",
        "id": "8636598139123630081",
        "ID": "0",
        "isVisibleInEditor": "true",
        "lightActived": "true",
        "lightAngle": "30.0",
        "lightBrightness": "0.8",
        "lightColor": "r:1.0 g:1.0 b:1.0 a:1.0",
        "lightLength": "1.0",
        "lightRange": "8.0",
        "lightType": "DirectionalLight",
        "lightWidth": "1.0",
        "name": "DirectionalLight",
        "needSync": "true",
        "position": "x:0 y:5 z:0",
        "rotation": "x:50 y:-90 z:-30",
        "scale": "x:1 y:1 z:1",
        "selectable": "true",
        "shadowsDistance": "20.0",
        "shadowsIntensity": "1.0",
        "shadowsOffset": "0.02",
        "shadowsPresicion": "1024",
        "shadowsType": "hard",
        "skyColor": "r:0.498039215686275 g:0.513725490196078 b:0.545098039215686 a:1.0",
        "skyLineColor": "r:0.23921568627451 g:0.227450980392157 b:0.207843137254902 a:1.0",
        "useAnchor": "false",
        "useForCollision": "false"
      }
    },
    {
      "attributes": [],
      "class": "Folder",
      "customProperties": [],
      "properties": {
        "aclNames": [],
        "id": "8782591859684786177",
        "isDataSet": "false",
        "isVisibleInEditor": "true",
        "name": "Floor",
        "useForCollision": "false"
      }
    },
    {
      "attributes": [],
      "class": "Part",
      "customProperties": [],
      "properties": {
        "angleVelocity": "x:0 y:0 z:0",
        "bakeTextureWeight": "1",
        "batchType": "Dynamic",
        "bloom": "false",
        "booleanOperation": "0",
        "btsKey": "72fc96c4-db49-448a-a762-717857200a77",
        "cameraCollideEnable": "true",
        "canAcceptShadow": "true",
        "canGenerateShadow": "true",
        "collisionFidelity": "0",
        "collisionGroup": "1",
        "collisionUniqueKey": "",
        "customThreshold": "1",
        "density": "4",
        "discardAlpha": "0.0",
        "friction": "0.63",
        "id": "8782617333981904897",
        "isLockedInEditor": "false",
        "isVisibleInEditor": "true",
        "lineVelocity": "x:0 y:0 z:0",
        "massCenter": "x:11.4292469024658 y:0.964900314807892 z:10.107723236084",
        "materialAlpha": "1.0",
        "materialColor": "r:1.0 g:1.0 b:1.0 a:1.0",
        "materialOffset": "x:1 y:1 z:1.0",
        "materialTexture": "part_shuini.tga",
        "name": "Part",
        "needSync": "true",
        "partNavMeshType": "1",
        "position": "x:11.4292469024658 y:0.964900314807892 z:10.107723236084",
        "restitution": "0.2",
        "rotation": "x:0 y:0 z:0",
        "scale": "x:6 y:6 z:6",
        "selectable": "true",
        "shape": "3",
        "staticBatchNo": "",
        "staticObject": "false",
        "useAnchor": "false",
        "useCollide": "true",
        "useForCollision": "false",
        "useGravity": "true",
        "useTextureAlpha": "false"
      }
    },
    {
      "attributes": [],
      "class": "Part",
      "customProperties": [],
      "properties": {
        "angleVelocity": "x:0 y:0 z:0",
        "bakeTextureWeight": "1",
        "batchType": "Dynamic",
        "bloom": "false",
        "booleanOperation": "0",
        "btsKey": "245df51c-76c8-4c7a-9a36-5e9c42dcef6a",
        "cameraCollideEnable": "true",
        "canAcceptShadow": "true",
        "canGenerateShadow": "true",
        "collisionFidelity": "0",
        "collisionGroup": "1",
        "collisionUniqueKey": "",
        "customThreshold": "1",
        "density": "4",
        "discardAlpha": "0.0",
        "friction": "0.63",
        "id": "8782617954952708097",
        "isLockedInEditor": "false",
        "isVisibleInEditor": "true",
        "lineVelocity": "x:0 y:0 z:0",
        "massCenter": "x:9.02262306213379 y:0.867239236831665 z:12.2305164337158",
        "materialAlpha": "1.0",
        "materialColor": "r:1.0 g:1.0 b:1.0 a:1.0",
        "materialOffset": "x:1 y:1 z:1.0",
        "materialTexture": "part_shuini.tga",
        "name": "Part",
        "needSync": "true",
        "partNavMeshType": "1",
        "position": "x:9.02262306213379 y:0.867239236831665 z:12.2305164337158",
        "restitution": "0.2",
        "rotation": "x:0 y:0 z:0",
        "scale": "x:7 y:3 z:8",
        "selectable": "true",
        "shape": "1",
        "staticBatchNo": "",
        "staticObject": "false",
        "useAnchor": "false",
        "useCollide": "true",
        "useForCollision": "false",
        "useGravity": "true",
        "useTextureAlpha": "false"
      }
    },
    {
      "attributes": [],
      "class": "Part",
      "customProperties": [],
      "properties": {
        "angleVelocity": "x:0 y:0 z:0",
        "bakeTextureWeight": "1",
        "batchType": "Dynamic",
        "bloom": "false",
        "booleanOperation": "0",
        "btsKey": "b1dae9a6-7534-47d0-a315-3a60f9b138d9",
        "cameraCollideEnable": "true",
        "canAcceptShadow": "true",
        "canGenerateShadow": "true",
        "collisionFidelity": "0",
        "collisionGroup": "1",
        "collisionUniqueKey": "",
        "customThreshold": "1",
        "density": "4",
        "discardAlpha": "0.0",
        "friction": "0.63",
        "id": "8782618453379334145",
        "isLockedInEditor": "false",
        "isVisibleInEditor": "true",
        "lineVelocity": "x:0 y:0 z:0",
        "massCenter": "x:8.19758129119873 y:0.935241341590881 z:13.1044578552246",
        "materialAlpha": "1.0",
        "materialColor": "r:1.0 g:1.0 b:1.0 a:1.0",
        "materialOffset": "x:1 y:1 z:1.0",
        "materialTexture": "part_shuini.tga",
        "name": "Part",
        "needSync": "true",
        "partNavMeshType": "1",
        "position": "x:8.19758129119873 y:0.935241341590881 z:13.1044578552246",
        "restitution": "0.2",
        "rotation": "x:0 y:0 z:0",
        "scale": "x:3 y:5 z:3",
        "selectable": "true",
        "shape": "3",
        "staticBatchNo": "",
        "staticObject": "false",
        "useAnchor": "false",
        "useCollide": "true",
        "useForCollision": "false",
        "useGravity": "true",
        "useTextureAlpha": "false"
      }
    },
    {
      "attributes": [],
      "class": "Part",
      "customProperties": [],
      "properties": {
        "angleVelocity": "x:0 y:0 z:0",
        "bakeTextureWeight": "1",
        "batchType": "Dynamic",
        "bloom": "false",
        "booleanOperation": "0",
        "btsKey": "37355a46-2525-4093-8fde-aaa8dc0c30d1",
        "cameraCollideEnable": "true",
        "canAcceptShadow": "true",
        "canGenerateShadow": "true",
        "collisionFidelity": "0",
        "collisionGroup": "1",
        "collisionUniqueKey": "",
        "customThreshold": "1",
        "density": "4",
        "discardAlpha": "0.0",
        "friction": "0.63",
        "id": "8782619238593462273",
        "isLockedInEditor": "false",
        "isVisibleInEditor": "true",
        "lineVelocity": "x:0 y:0 z:0",
        "massCenter": "x:12.8704929351807 y:1.32490003108978 z:12.7963418960571",
        "materialAlpha": "1.0",
        "materialColor": "r:1.0 g:1.0 b:1.0 a:1.0",
        "materialOffset": "x:1 y:1 z:1.0",
        "materialTexture": "part_shuini.tga",
        "name": "Part",
        "needSync": "true",
        "partNavMeshType": "1",
        "position": "x:12.8704929351807 y:1.32490003108978 z:12.7963418960571",
        "restitution": "0.2",
        "rotation": "x:0 y:0 z:0",
        "scale": "x:1 y:1 z:1",
        "selectable": "true",
        "shape": "3",
        "staticBatchNo": "",
        "staticObject": "false",
        "useAnchor": "false",
        "useCollide": "true",
        "useForCollision": "false",
        "useGravity": "true",
        "useTextureAlpha": "false"
      }
    },
    {
      "attributes": [],
      "class": "Part",
      "customProperties": [],
      "properties": {
        "angleVelocity": "x:0 y:0 z:0",
        "bakeTextureWeight": "1",
        "batchType": "Dynamic",
        "bloom": "false",
        "booleanOperation": "0",
        "btsKey": "e414d56e-4c27-455a-acbb-70e8f7912561",
        "cameraCollideEnable": "true",
        "canAcceptShadow": "true",
        "canGenerateShadow": "true",
        "collisionFidelity": "0",
        "collisionGroup": "1",
        "collisionUniqueKey": "",
        "customThreshold": "1",
        "density": "4",
        "discardAlpha": "0.0",
        "friction": "0.63",
        "id": "8782619258541768705",
        "isLockedInEditor": "false",
        "isVisibleInEditor": "true",
        "lineVelocity": "x:0 y:0 z:0",
        "massCenter": "x:13.6923494338989 y:1.10490024089813 z:12.2193927764893",
        "materialAlpha": "1.0",
        "materialColor": "r:1.0 g:1.0 b:1.0 a:1.0",
        "materialOffset": "x:1 y:1 z:1.0",
        "materialTexture": "part_shuini.tga",
        "name": "Part",
        "needSync": "true",
        "partNavMeshType": "1",
        "position": "x:13.6923494338989 y:1.10490024089813 z:12.2193927764893",
        "restitution": "0.2",
        "rotation": "x:0 y:0 z:0",
        "scale": "x:1 y:1 z:1",
        "selectable": "true",
        "shape": "3",
        "staticBatchNo": "",
        "staticObject": "false",
        "useAnchor": "false",
        "useCollide": "true",
        "useForCollision": "false",
        "useGravity": "true",
        "useTextureAlpha": "false"
      }
    },
    {
      "attributes": [],
      "class": "Part",
      "customProperties": [],
      "properties": {
        "angleVelocity": "x:0 y:0 z:0",
        "bakeTextureWeight": "1",
        "batchType": "Dynamic",
        "bloom": "false",
        "booleanOperation": "0",
        "btsKey": "5137259f-d885-48d7-a4b4-9bc369730085",
        "cameraCollideEnable": "true",
        "canAcceptShadow": "true",
        "canGenerateShadow": "true",
        "collisionFidelity": "0",
        "collisionGroup": "1",
        "collisionUniqueKey": "",
        "customThreshold": "1",
        "density": "4",
        "discardAlpha": "0.0",
        "friction": "0.63",
        "id": "8782619289598181377",
        "isLockedInEditor": "false",
        "isVisibleInEditor": "true",
        "lineVelocity": "x:0 y:0 z:0",
        "massCenter": "x:14.4026126861572 y:0.770255923271179 z:11.4758796691895",
        "materialAlpha": "1.0",
        "materialColor": "r:1.0 g:1.0 b:1.0 a:1.0",
        "materialOffset": "x:1 y:1 z:1.0",
        "materialTexture": "part_shuini.tga",
        "name": "Part",
        "needSync": "true",
        "partNavMeshType": "1",
        "position": "x:14.4026126861572 y:0.770255923271179 z:11.4758796691895",
        "restitution": "0.2",
        "rotation": "x:0 y:0 z:0",
        "scale": "x:1 y:1 z:1",
        "selectable": "true",
        "shape": "3",
        "staticBatchNo": "",
        "staticObject": "false",
        "useAnchor": "false",
        "useCollide": "true",
        "useForCollision": "false",
        "useGravity": "true",
        "useTextureAlpha": "false"
      }
    },
    {
      "attributes": [],
      "class": "Part",
      "customProperties": [],
      "properties": {
        "angleVelocity": "x:0 y:0 z:0",
        "bakeTextureWeight": "1",
        "batchType": "Dynamic",
        "bloom": "false",
        "booleanOperation": "0",
        "btsKey": "742ec8ff-4153-4f53-b773-35ae842f21c9",
        "cameraCollideEnable": "true",
        "canAcceptShadow": "true",
        "canGenerateShadow": "true",
        "collisionFidelity": "0",
        "collisionGroup": "1",
        "collisionUniqueKey": "",
        "customThreshold": "1",
        "density": "4",
        "discardAlpha": "0.0",
        "friction": "0.63",
        "id": "8782619307714297857",
        "isLockedInEditor": "false",
        "isVisibleInEditor": "true",
        "lineVelocity": "x:0 y:0 z:0",
        "massCenter": "x:14.9182977676392 y:1.25802159309387 z:9.9852991104126",
        "materialAlpha": "1.0",
        "materialColor": "r:1.0 g:1.0 b:1.0 a:1.0",
        "materialOffset": "x:1 y:1 z:1.0",
        "materialTexture": "part_shuini.tga",
        "name": "Part",
        "needSync": "true",
        "partNavMeshType": "1",
        "position": "x:14.9182977676392 y:1.25802159309387 z:9.9852991104126",
        "restitution": "0.2",
        "rotation": "x:0 y:0 z:0",
        "scale": "x:1 y:1 z:1",
        "selectable": "true",
        "shape": "3",
        "staticBatchNo": "",
        "staticObject": "false",
        "useAnchor": "false",
        "useCollide": "true",
        "useForCollision": "false",
        "useGravity": "true",
        "useTextureAlpha": "false"
      }
    },
    {
      "attributes": [],
      "class": "Part",
      "customProperties": [],
      "properties": {
        "angleVelocity": "x:0 y:0 z:0",
        "bakeTextureWeight": "1",
        "batchType": "Dynamic",
        "bloom": "false",
        "booleanOperation": "0",
        "btsKey": "5cd14486-f71f-452f-a211-e045e11050eb",
        "cameraCollideEnable": "true",
        "canAcceptShadow": "true",
        "canGenerateShadow": "true",
        "collisionFidelity": "0",
        "collisionGroup": "1",
        "collisionUniqueKey": "",
        "customThreshold": "1",
        "density": "4",
        "discardAlpha": "0.0",
        "friction": "0.63",
        "id": "8782619330358820865",
        "isLockedInEditor": "false",
        "isVisibleInEditor": "true",
        "lineVelocity": "x:0 y:0 z:0",
        "massCenter": "x:14.8388414382935 y:0.988566339015961 z:8.88456153869629",
        "materialAlpha": "1.0",
        "materialColor": "r:1.0 g:1.0 b:1.0 a:1.0",
        "materialOffset": "x:1 y:1 z:1.0",
        "materialTexture": "part_shuini.tga",
        "name": "Part",
        "needSync": "true",
        "partNavMeshType": "1",
        "position": "x:14.8388414382935 y:0.988566339015961 z:8.88456153869629",
        "restitution": "0.2",
        "rotation": "x:0 y:0 z:0",
        "scale": "x:1 y:1 z:1",
        "selectable": "true",
        "shape": "3",
        "staticBatchNo": "",
        "staticObject": "false",
        "useAnchor": "false",
        "useCollide": "true",
        "useForCollision": "false",
        "useGravity": "true",
        "useTextureAlpha": "false"
      }
    },
    {
      "attributes": [],
      "class": "Part",
      "customProperties": [],
      "properties": {
        "angleVelocity": "x:0 y:0 z:0",
        "bakeTextureWeight": "1",
        "batchType": "Dynamic",
        "bloom": "false",
        "booleanOperation": "0",
        "btsKey": "7bf2b156-7deb-4ec7-8d2c-861910c14df3",
        "cameraCollideEnable": "true",
        "canAcceptShadow": "true",
        "canGenerateShadow": "true",
        "collisionFidelity": "0",
        "collisionGroup": "1",
        "collisionUniqueKey": "",
        "customThreshold": "1",
        "density": "4",
        "discardAlpha": "0.0",
        "friction": "0.63",
        "id": "8782619341894729729",
        "isLockedInEditor": "false",
        "isVisibleInEditor": "true",
        "lineVelocity": "x:0 y:0 z:0",
        "massCenter": "x:14.1937322616577 y:1.71707558631897 z:7.53457260131836",
        "materialAlpha": "1.0",
        "materialColor": "r:1.0 g:1.0 b:1.0 a:1.0",
        "materialOffset": "x:1 y:1 z:1.0",
        "materialTexture": "part_shuini.tga",
        "name": "Part",
        "needSync": "true",
        "partNavMeshType": "1",
        "position": "x:14.1937322616577 y:1.71707558631897 z:7.53457260131836",
        "restitution": "0.2",
        "rotation": "x:0 y:0 z:0",
        "scale": "x:1 y:1 z:1",
        "selectable": "true",
        "shape": "3",
        "staticBatchNo": "",
        "staticObject": "false",
        "useAnchor": "false",
        "useCollide": "true",
        "useForCollision": "false",
        "useGravity": "true",
        "useTextureAlpha": "false"
      }
    },
    {
      "attributes": [],
      "class": "Part",
      "customProperties": [],
      "properties": {
        "angleVelocity": "x:0 y:0 z:0",
        "bakeTextureWeight": "1",
        "batchType": "Dynamic",
        "bloom": "false",
        "booleanOperation": "0",
        "btsKey": "b222ae35-bcf7-4014-8f3f-ea98d0cdd6c9",
        "cameraCollideEnable": "true",
        "canAcceptShadow": "true",
        "canGenerateShadow": "true",
        "collisionFidelity": "0",
        "collisionGroup": "1",
        "collisionUniqueKey": "",
        "customThreshold": "1",
        "density": "4",
        "discardAlpha": "0.0",
        "friction": "0.63",
        "id": "8782619368843444225",
        "isLockedInEditor": "false",
        "isVisibleInEditor": "true",
        "lineVelocity": "x:0 y:0 z:0",
        "massCenter": "x:14.4896507263184 y:1.29199004173279 z:7.98261737823486",
        "materialAlpha": "1.0",
        "materialColor": "r:1.0 g:1.0 b:1.0 a:1.0",
        "materialOffset": "x:1 y:1 z:1.0",
        "materialTexture": "part_shuini.tga",
        "name": "Part",
        "needSync": "true",
        "partNavMeshType": "1",
        "position": "x:14.4896507263184 y:1.29199004173279 z:7.98261737823486",
        "restitution": "0.2",
        "rotation": "x:0 y:0 z:0",
        "scale": "x:1 y:1 z:1",
        "selectable": "true",
        "shape": "3",
        "staticBatchNo": "",
        "staticObject": "false",
        "useAnchor": "false",
        "useCollide": "true",
        "useForCollision": "false",
        "useGravity": "true",
        "useTextureAlpha": "false"
      }
    },
    {
      "attributes": [],
      "class": "Part",
      "customProperties": [],
      "properties": {
        "angleVelocity": "x:0 y:0 z:0",
        "bakeTextureWeight": "1",
        "batchType": "Dynamic",
        "bloom": "false",
        "booleanOperation": "0",
        "btsKey": "108cc58a-09fd-4b04-9dee-e5dc213e37f3",
        "cameraCollideEnable": "true",
        "canAcceptShadow": "true",
        "canGenerateShadow": "true",
        "collisionFidelity": "0",
        "collisionGroup": "1",
        "collisionUniqueKey": "",
        "customThreshold": "1",
        "density": "4",
        "discardAlpha": "0.0",
        "friction": "0.63",
        "id": "8782619402250207233",
        "isLockedInEditor": "false",
        "isVisibleInEditor": "true",
        "lineVelocity": "x:0 y:0 z:0",
        "massCenter": "x:13.5211629867554 y:1.63924920558929 z:6.87770748138428",
        "materialAlpha": "1.0",
        "materialColor": "r:1.0 g:1.0 b:1.0 a:1.0",
        "materialOffset": "x:1 y:1 z:1.0",
        "materialTexture": "part_shuini.tga",
        "name": "Part",
        "needSync": "true",
        "partNavMeshType": "1",
        "position": "x:13.5211629867554 y:1.63924920558929 z:6.87770748138428",
        "restitution": "0.2",
        "rotation": "x:0 y:0 z:0",
        "scale": "x:1 y:1 z:1",
        "selectable": "true",
        "shape": "3",
        "staticBatchNo": "",
        "staticObject": "false",
        "useAnchor": "false",
        "useCollide": "true",
        "useForCollision": "false",
        "useGravity": "true",
        "useTextureAlpha": "false"
      }
    },
    {
      "attributes": [],
      "class": "Part",
      "customProperties": [],
      "properties": {
        "angleVelocity": "x:0 y:0 z:0",
        "bakeTextureWeight": "1",
        "batchType": "Dynamic",
        "bloom": "false",
        "booleanOperation": "0",
        "btsKey": "5dab39ea-18b3-412c-a173-8e2b1c34a966",
        "cameraCollideEnable": "true",
        "canAcceptShadow": "true",
        "canGenerateShadow": "true",
        "collisionFidelity": "0",
        "collisionGroup": "1",
        "collisionUniqueKey": "",
        "customThreshold": "1",
        "density": "4",
        "discardAlpha": "0.0",
        "friction": "0.63",
        "id": "8782619407593144321",
        "isLockedInEditor": "false",
        "isVisibleInEditor": "true",
        "lineVelocity": "x:0 y:0 z:0",
        "massCenter": "x:11.9682111740112 y:1.87852001190186 z:6.22605133056641",
        "materialAlpha": "1.0",
        "materialColor": "r:1.0 g:1.0 b:1.0 a:1.0",
        "materialOffset": "x:1 y:1 z:1.0",
        "materialTexture": "part_shuini.tga",
        "name": "Part",
        "needSync": "true",
        "partNavMeshType": "1",
        "position": "x:11.9682111740112 y:1.87852001190186 z:6.22605133056641",
        "restitution": "0.2",
        "rotation": "x:0 y:0 z:0",
        "scale": "x:1 y:1 z:1",
        "selectable": "true",
        "shape": "3",
        "staticBatchNo": "",
        "staticObject": "false",
        "useAnchor": "false",
        "useCollide": "true",
        "useForCollision": "false",
        "useGravity": "true",
        "useTextureAlpha": "false"
      }
    },
    {
      "attributes": [],
      "class": "Part",
      "customProperties": [],
      "properties": {
        "angleVelocity": "x:0 y:0 z:0",
        "bakeTextureWeight": "1",
        "batchType": "Dynamic",
        "bloom": "false",
        "booleanOperation": "0",
        "btsKey": "bc5b51e0-43a0-465d-b6ab-61794e2d283a",
        "cameraCollideEnable": "true",
        "canAcceptShadow": "true",
        "canGenerateShadow": "true",
        "collisionFidelity": "0",
        "collisionGroup": "1",
        "collisionUniqueKey": "",
        "customThreshold": "1",
        "density": "4",
        "discardAlpha": "0.0",
        "friction": "0.63",
        "id": "8782619559739736065",
        "isLockedInEditor": "false",
        "isVisibleInEditor": "true",
        "lineVelocity": "x:0 y:0 z:0",
        "massCenter": "x:8.5679988861084 y:1.16830801963806 z:7.66694164276123",
        "materialAlpha": "1.0",
        "materialColor": "r:1.0 g:1.0 b:1.0 a:1.0",
        "materialOffset": "x:1 y:1 z:1.0",
        "materialTexture": "part_shuini.tga",
        "name": "Part",
        "needSync": "true",
        "partNavMeshType": "1",
        "position": "x:8.5679988861084 y:1.16830801963806 z:7.66694164276123",
        "restitution": "0.2",
        "rotation": "x:0 y:0 z:0",
        "scale": "x:1 y:1 z:1",
        "selectable": "true",
        "shape": "3",
        "staticBatchNo": "",
        "staticObject": "false",
        "useAnchor": "false",
        "useCollide": "true",
        "useForCollision": "false",
        "useGravity": "true",
        "useTextureAlpha": "false"
      }
    },
    {
      "attributes": [],
      "class": "Part",
      "customProperties": [],
      "properties": {
        "angleVelocity": "x:0 y:0 z:0",
        "bakeTextureWeight": "1",
        "batchType": "Dynamic",
        "bloom": "false",
        "booleanOperation": "0",
        "btsKey": "d5a7131c-cdf1-454c-8e7e-8d2291b100aa",
        "cameraCollideEnable": "true",
        "canAcceptShadow": "true",
        "canGenerateShadow": "true",
        "collisionFidelity": "0",
        "collisionGroup": "1",
        "collisionUniqueKey": "",
        "customThreshold": "1",
        "density": "4",
        "discardAlpha": "0.0",
        "friction": "0.63",
        "id": "8782619571212959745",
        "isLockedInEditor": "false",
        "isVisibleInEditor": "true",
        "lineVelocity": "x:0 y:0 z:0",
        "massCenter": "x:9.47343158721924 y:1.0206413269043 z:6.77935981750488",
        "materialAlpha": "1.0",
        "materialColor": "r:1.0 g:1.0 b:1.0 a:1.0",
        "materialOffset": "x:1 y:1 z:1.0",
        "materialTexture": "part_shuini.tga",
        "name": "Part",
        "needSync": "true",
        "partNavMeshType": "1",
        "position": "x:9.47343158721924 y:1.0206413269043 z:6.77935981750488",
        "restitution": "0.2",
        "rotation": "x:0 y:0 z:0",
        "scale": "x:1 y:1 z:1",
        "selectable": "true",
        "shape": "3",
        "staticBatchNo": "",
        "staticObject": "false",
        "useAnchor": "false",
        "useCollide": "true",
        "useForCollision": "false",
        "useGravity": "true",
        "useTextureAlpha": "false"
      }
    },
    {
      "attributes": [],
      "class": "Part",
      "customProperties": [],
      "properties": {
        "angleVelocity": "x:0 y:0 z:0",
        "bakeTextureWeight": "1",
        "batchType": "Dynamic",
        "bloom": "false",
        "booleanOperation": "0",
        "btsKey": "2a95d809-a2fe-4b52-8c20-4f8448ad0b60",
        "cameraCollideEnable": "true",
        "canAcceptShadow": "true",
        "canGenerateShadow": "true",
        "collisionFidelity": "0",
        "collisionGroup": "1",
        "collisionUniqueKey": "",
        "customThreshold": "1",
        "density": "4",
        "discardAlpha": "0.0",
        "friction": "0.63",
        "id": "8782619582621712385",
        "isLockedInEditor": "false",
        "isVisibleInEditor": "true",
        "lineVelocity": "x:0 y:0 z:0",
        "massCenter": "x:11.1956224441528 y:1.49990010261536 z:6.49998569488525",
        "materialAlpha": "1.0",
        "materialColor": "r:1.0 g:1.0 b:1.0 a:1.0",
        "materialOffset": "x:1 y:1 z:1.0",
        "materialTexture": "part_shuini.tga",
        "name": "Part",
        "needSync": "true",
        "partNavMeshType": "1",
        "position": "x:11.1956224441528 y:1.49990010261536 z:6.49998569488525",
        "restitution": "0.2",
        "rotation": "x:0 y:0 z:0",
        "scale": "x:1 y:1 z:1",
        "selectable": "true",
        "shape": "3",
        "staticBatchNo": "",
        "staticObject": "false",
        "useAnchor": "false",
        "useCollide": "true",
        "useForCollision": "false",
        "useGravity": "true",
        "useTextureAlpha": "false"
      }
    },
    {
      "attributes": [],
      "class": "Part",
      "customProperties": [],
      "properties": {
        "angleVelocity": "x:0 y:0 z:0",
        "bakeTextureWeight": "1",
        "batchType": "Dynamic",
        "bloom": "false",
        "booleanOperation": "0",
        "btsKey": "ed42b215-393e-4add-9e9a-a5d38cb3f458",
        "cameraCollideEnable": "true",
        "canAcceptShadow": "true",
        "canGenerateShadow": "true",
        "collisionFidelity": "0",
        "collisionGroup": "1",
        "collisionUniqueKey": "",
        "customThreshold": "1",
        "density": "4",
        "discardAlpha": "0.0",
        "friction": "0.63",
        "id": "8782619593797959681",
        "isLockedInEditor": "false",
        "isVisibleInEditor": "true",
        "lineVelocity": "x:0 y:0 z:0",
        "massCenter": "x:10.3811159133911 y:1.49990010261536 z:6.49009609222412",
        "materialAlpha": "1.0",
        "materialColor": "r:1.0 g:1.0 b:1.0 a:1.0",
        "materialOffset": "x:1 y:1 z:1.0",
        "materialTexture": "part_shuini.tga",
        "name": "Part",
        "needSync": "true",
        "partNavMeshType": "1",
        "position": "x:10.3811159133911 y:1.49990010261536 z:6.49009609222412",
        "restitution": "0.2",
        "rotation": "x:0 y:0 z:0",
        "scale": "x:1 y:1 z:1",
        "selectable": "true",
        "shape": "3",
        "staticBatchNo": "",
        "staticObject": "false",
        "useAnchor": "false",
        "useCollide": "true",
        "useForCollision": "false",
        "useGravity": "true",
        "useTextureAlpha": "false"
      }
    },
    {
      "attributes": [],
      "class": "Part",
      "customProperties": [],
      "properties": {
        "angleVelocity": "x:0 y:0 z:0",
        "bakeTextureWeight": "1",
        "batchType": "Dynamic",
        "bloom": "false",
        "booleanOperation": "0",
        "btsKey": "f003cf02-02bb-43c9-b11b-a11f9dd854f8",
        "cameraCollideEnable": "true",
        "canAcceptShadow": "true",
        "canGenerateShadow": "true",
        "collisionFidelity": "0",
        "collisionGroup": "1",
        "collisionUniqueKey": "",
        "customThreshold": "1",
        "density": "4",
        "discardAlpha": "0.0",
        "friction": "0.63",
        "id": "8782619623320420353",
        "isLockedInEditor": "false",
        "isVisibleInEditor": "true",
        "lineVelocity": "x:0 y:0 z:0",
        "massCenter": "x:12.8321590423584 y:1.49989986419678 z:6.34308433532715",
        "materialAlpha": "1.0",
        "materialColor": "r:1.0 g:1.0 b:1.0 a:1.0",
        "materialOffset": "x:1 y:1 z:1.0",
        "materialTexture": "part_shuini.tga",
        "name": "Part",
        "needSync": "true",
        "partNavMeshType": "1",
        "position": "x:12.8321590423584 y:1.49989986419678 z:6.34308433532715",
        "restitution": "0.2",
        "rotation": "x:0 y:0 z:0",
        "scale": "x:1 y:1 z:1",
        "selectable": "true",
        "shape": "3",
        "staticBatchNo": "",
        "staticObject": "false",
        "useAnchor": "false",
        "useCollide": "true",
        "useForCollision": "false",
        "useGravity": "true",
        "useTextureAlpha": "false"
      }
    },
    {
      "attributes": [],
      "class": "Part",
      "customProperties": [],
      "properties": {
        "angleVelocity": "x:0 y:0 z:0",
        "bakeTextureWeight": "1",
        "batchType": "Dynamic",
        "bloom": "false",
        "booleanOperation": "0",
        "btsKey": "2f44289c-8cda-47a9-a2d7-e4902cd55f90",
        "cameraCollideEnable": "true",
        "canAcceptShadow": "true",
        "canGenerateShadow": "true",
        "collisionFidelity": "0",
        "collisionGroup": "1",
        "collisionUniqueKey": "",
        "customThreshold": "1",
        "density": "0.9",
        "discardAlpha": "0.0",
        "friction": "0.022",
        "id": "8782623988551843841",
        "isLockedInEditor": "false",
        "isVisibleInEditor": "true",
        "lineVelocity": "x:0 y:0 z:0",
        "massCenter": "x:22.0269432067871 y:-1.66501319408417 z:-48.0997123718262",
        "materialAlpha": "1.0",
        "materialColor": "r:1.0 g:1.0 b:1.0 a:1.0",
        "materialOffset": "x:1 y:1 z:1.0",
        "materialTexture": "part_bingkuai.tga",
        "name": "Part",
        "needSync": "true",
        "partNavMeshType": "1",
        "position": "x:22.0269432067871 y:-1.66501319408417 z:-48.0997123718262",
        "restitution": "0.2",
        "rotation": "x:0 y:0 z:0",
        "scale": "x:2 y:4 z:4",
        "selectable": "true",
        "shape": "1",
        "staticBatchNo": "",
        "staticObject": "false",
        "useAnchor": "false",
        "useCollide": "true",
        "useForCollision": "false",
        "useGravity": "true",
        "useTextureAlpha": "false"
      }
    },
    {
      "attributes": [],
      "class": "Part",
      "customProperties": [],
      "properties": {
        "angleVelocity": "x:0 y:0 z:0",
        "bakeTextureWeight": "1",
        "batchType": "Dynamic",
        "bloom": "false",
        "booleanOperation": "0",
        "btsKey": "0c07ebf9-61c6-44cf-a749-b7bcd41c65f1",
        "cameraCollideEnable": "true",
        "canAcceptShadow": "true",
        "canGenerateShadow": "true",
        "collisionFidelity": "0",
        "collisionGroup": "1",
        "collisionUniqueKey": "",
        "customThreshold": "1",
        "density": "0.9",
        "discardAlpha": "0.0",
        "friction": "0.022",
        "id": "8782624111205203969",
        "isLockedInEditor": "false",
        "isVisibleInEditor": "true",
        "lineVelocity": "x:0 y:0 z:0",
        "massCenter": "x:28.3999900817871 y:-1.7131040096283 z:-48.4190368652344",
        "materialAlpha": "1.0",
        "materialColor": "r:1.0 g:1.0 b:1.0 a:1.0",
        "materialOffset": "x:1 y:1 z:1.0",
        "materialTexture": "part_bingkuai.tga",
        "name": "Part",
        "needSync": "true",
        "partNavMeshType": "1",
        "position": "x:28.3999900817871 y:-1.7131040096283 z:-48.4190368652344",
        "restitution": "0.2",
        "rotation": "x:0 y:0 z:0",
        "scale": "x:1 y:4 z:4",
        "selectable": "true",
        "shape": "1",
        "staticBatchNo": "",
        "staticObject": "false",
        "useAnchor": "false",
        "useCollide": "true",
        "useForCollision": "false",
        "useGravity": "true",
        "useTextureAlpha": "false"
      }
    },
    {
      "attributes": [],
      "class": "Part",
      "customProperties": [],
      "properties": {
        "angleVelocity": "x:0 y:0 z:0",
        "bakeTextureWeight": "1",
        "batchType": "Dynamic",
        "bloom": "false",
        "booleanOperation": "0",
        "btsKey": "5f47f843-a8cc-4aa9-b4d6-ff7f78fe9cec",
        "cameraCollideEnable": "true",
        "canAcceptShadow": "true",
        "canGenerateShadow": "true",
        "collisionFidelity": "0",
        "collisionGroup": "1",
        "collisionUniqueKey": "",
        "customThreshold": "1",
        "density": "0.9",
        "discardAlpha": "0.0",
        "friction": "0.022",
        "id": "8782624626298306561",
        "isLockedInEditor": "false",
        "isVisibleInEditor": "true",
        "lineVelocity": "x:0 y:0 z:0",
        "massCenter": "x:26.3053665161133 y:-1.65806639194489 z:-50.7228507995605",
        "materialAlpha": "1.0",
        "materialColor": "r:1.0 g:1.0 b:1.0 a:1.0",
        "materialOffset": "x:1 y:1 z:1.0",
        "materialTexture": "part_bingkuai.tga",
        "name": "Part",
        "needSync": "true",
        "partNavMeshType": "1",
        "position": "x:26.3053665161133 y:-1.65806639194489 z:-50.7228507995605",
        "restitution": "0.2",
        "rotation": "x:0 y:0 z:0",
        "scale": "x:7 y:5 z:1",
        "selectable": "true",
        "shape": "1",
        "staticBatchNo": "",
        "staticObject": "false",
        "useAnchor": "false",
        "useCollide": "true",
        "useForCollision": "false",
        "useGravity": "true",
        "useTextureAlpha": "false"
      }
    },
    {
      "attributes": [],
      "class": "Part",
      "customProperties": [],
      "properties": {
        "angleVelocity": "x:0 y:0 z:0",
        "bakeTextureWeight": "1",
        "batchType": "Dynamic",
        "bloom": "false",
        "booleanOperation": "0",
        "btsKey": "eab2122c-7cc0-4138-a03d-69ddb405f76a",
        "cameraCollideEnable": "true",
        "canAcceptShadow": "true",
        "canGenerateShadow": "true",
        "collisionFidelity": "0",
        "collisionGroup": "1",
        "collisionUniqueKey": "",
        "customThreshold": "1",
        "density": "0.9",
        "discardAlpha": "0.0",
        "friction": "0.022",
        "id": "8782624921410060289",
        "isLockedInEditor": "false",
        "isVisibleInEditor": "true",
        "lineVelocity": "x:0 y:0 z:0",
        "massCenter": "x:27.3999900817871 y:0.257612109184265 z:-46.8938865661621",
        "materialAlpha": "1.0",
        "materialColor": "r:1.0 g:1.0 b:1.0 a:1.0",
        "materialOffset": "x:1 y:1 z:1.0",
        "materialTexture": "part_bingkuai.tga",
        "name": "Part",
        "needSync": "true",
        "partNavMeshType": "1",
        "position": "x:27.3999900817871 y:0.257612109184265 z:-46.8938865661621",
        "restitution": "0.2",
        "rotation": "x:0 y:0 z:0",
        "scale": "x:5 y:1 z:1",
        "selectable": "true",
        "shape": "1",
        "staticBatchNo": "",
        "staticObject": "false",
        "useAnchor": "false",
        "useCollide": "true",
        "useForCollision": "false",
        "useGravity": "true",
        "useTextureAlpha": "false"
      }
    },
    {
      "attributes": [],
      "class": "Part",
      "customProperties": [],
      "properties": {
        "angleVelocity": "x:0 y:0 z:0",
        "bakeTextureWeight": "1",
        "batchType": "Dynamic",
        "bloom": "false",
        "booleanOperation": "0",
        "btsKey": "9e8556d6-bcad-42ad-bb9e-aa5538635a30",
        "cameraCollideEnable": "true",
        "canAcceptShadow": "true",
        "canGenerateShadow": "true",
        "collisionFidelity": "0",
        "collisionGroup": "1",
        "collisionUniqueKey": "",
        "customThreshold": "1",
        "density": "0.9",
        "discardAlpha": "0.0",
        "friction": "0.022",
        "id": "8782624993707687937",
        "isLockedInEditor": "false",
        "isVisibleInEditor": "true",
        "lineVelocity": "x:0 y:0 z:0",
        "massCenter": "x:22.9572525024414 y:0.835596740245819 z:-46.6520195007324",
        "materialAlpha": "1.0",
        "materialColor": "r:1.0 g:1.0 b:1.0 a:1.0",
        "materialOffset": "x:1 y:1 z:1.0",
        "materialTexture": "part_bingkuai.tga",
        "name": "Part",
        "needSync": "true",
        "partNavMeshType": "1",
        "position": "x:22.9572525024414 y:0.835596740245819 z:-46.6520195007324",
        "restitution": "0.2",
        "rotation": "x:0 y:0 z:0",
        "scale": "x:6 y:1 z:1",
        "selectable": "true",
        "shape": "1",
        "staticBatchNo": "",
        "staticObject": "false",
        "useAnchor": "false",
        "useCollide": "true",
        "useForCollision": "false",
        "useGravity": "true",
        "useTextureAlpha": "false"
      }
    },
    {
      "attributes": [],
      "class": "Entity",
      "config": "myplugin/1460381a-0200-430f-af66-dc2bd0f24bc0",
      "customProperties": [],
      "properties": {
        "bakeTextureWeight": "1",
        "batchType": "Static",
        "canAcceptShadow": "true",
        "canGenerateShadow": "true",
        "collisionGroup": "1",
        "id": "8782625760746536961",
        "isVisibleInEditor": "true",
        "name": "enemy",
        "needSync": "true",
        "position": "x:0.878259658813477 y:0.999900817871094 z:-20.8363761901855",
        "rotation": "x:0 y:0 z:0",
        "scale": "x:1 y:1 z:1",
        "selectable": "true",
        "useAnchor": "false",
        "useForCollision": "false"
      }
    },
    {
      "attributes": [],
      "class": "Entity",
      "config": "myplugin/1460381a-0200-430f-af66-dc2bd0f24bc0",
      "customProperties": [],
      "properties": {
        "bakeTextureWeight": "1",
        "batchType": "Static",
        "canAcceptShadow": "true",
        "canGenerateShadow": "true",
        "collisionGroup": "1",
        "id": "8792689012227047425",
        "isVisibleInEditor": "true",
        "name": "enemy",
        "needSync": "true",
        "position": "x:-10.8170795440674 y:0.999900698661804 z:-0.390035629272461",
        "rotation": "x:0 y:0 z:0",
        "scale": "x:1 y:1 z:1",
        "selectable": "true",
        "useAnchor": "false",
        "useForCollision": "false"
      }
    },
    {
      "attributes": [],
      "class": "Entity",
      "config": "myplugin/1460381a-0200-430f-af66-dc2bd0f24bc0",
      "customProperties": [],
      "properties": {
        "bakeTextureWeight": "1",
        "batchType": "Static",
        "canAcceptShadow": "true",
        "canGenerateShadow": "true",
        "collisionGroup": "1",
        "id": "8792689048774279169",
        "isVisibleInEditor": "true",
        "name": "enemy",
        "needSync": "true",
        "position": "x:-12.8904609680176 y:0.999900877475739 z:11.5710411071777",
        "rotation": "x:0 y:0 z:0",
        "scale": "x:1 y:1 z:1",
        "selectable": "true",
        "useAnchor": "false",
        "useForCollision": "false"
      }
    },
    {
      "attributes": [],
      "class": "Entity",
      "config": "myplugin/1460381a-0200-430f-af66-dc2bd0f24bc0",
      "customProperties": [],
      "properties": {
        "bakeTextureWeight": "1",
        "batchType": "Static",
        "canAcceptShadow": "true",
        "canGenerateShadow": "true",
        "collisionGroup": "1",
        "id": "8792689062343147521",
        "isVisibleInEditor": "true",
        "name": "enemy",
        "needSync": "true",
        "position": "x:-1.35959959030151 y:0.999896943569183 z:-1.30400085449219",
        "rotation": "x:0 y:0 z:0",
        "scale": "x:1 y:1 z:1",
        "selectable": "true",
        "useAnchor": "false",
        "useForCollision": "false"
      }
    },
    {
      "attributes": [],
      "class": "Entity",
      "config": "myplugin/92e211f1-7b3c-4613-9e32-50c8d8815f9e",
      "customProperties": [],
      "properties": {
        "bakeTextureWeight": "1",
        "batchType": "Static",
        "canAcceptShadow": "true",
        "canGenerateShadow": "true",
        "collisionGroup": "1",
        "id": "8804006515157352449",
        "isVisibleInEditor": "true",
        "name": "treasure",
        "needSync": "true",
        "position": "x:-3.32459926605225 y:0.999899864196777 z:10.2701797485352",
        "rotation": "x:0 y:0 z:0",
        "scale": "x:1 y:1 z:1",
        "selectable": "true",
        "useAnchor": "false",
        "useForCollision": "false"
      }
    },
    {
      "attributes": [],
      "class": "Entity",
      "config": "myplugin/1460381a-0200-430f-af66-dc2bd0f24bc0",
      "customProperties": [],
      "properties": {
        "bakeTextureWeight": "1",
        "batchType": "Static",
        "canAcceptShadow": "true",
        "canGenerateShadow": "true",
        "collisionGroup": "1",
        "id": "8804024990128275457",
        "isVisibleInEditor": "true",
        "name": "enemy",
        "needSync": "true",
        "position": "x:4.0405855178833 y:0.999900221824646 z:7.16509056091309",
        "rotation": "x:0 y:0 z:0",
        "scale": "x:1 y:1 z:1",
        "selectable": "true",
        "useAnchor": "false",
        "useForCollision": "false"
      }
    },
    {
      "attributes": [],
      "class": "Entity",
      "config": "myplugin/1460381a-0200-430f-af66-dc2bd0f24bc0",
      "customProperties": [],
      "properties": {
        "bakeTextureWeight": "1",
        "batchType": "Static",
        "canAcceptShadow": "true",
        "canGenerateShadow": "true",
        "collisionGroup": "1",
        "id": "8804025018531627009",
        "isVisibleInEditor": "true",
        "name": "enemy",
        "needSync": "true",
        "position": "x:-7.44739627838135 y:0.999898910522461 z:17.7199630737305",
        "rotation": "x:0 y:0 z:0",
        "scale": "x:1 y:1 z:1",
        "selectable": "true",
        "useAnchor": "false",
        "useForCollision": "false"
      }
    },
    {
      "attributes": [],
      "class": "Entity",
      "config": "myplugin/1460381a-0200-430f-af66-dc2bd0f24bc0",
      "customProperties": [],
      "properties": {
        "bakeTextureWeight": "1",
        "batchType": "Static",
        "canAcceptShadow": "true",
        "canGenerateShadow": "true",
        "collisionGroup": "1",
        "id": "8804025044094713857",
        "isVisibleInEditor": "true",
        "name": "enemy",
        "needSync": "true",
        "position": "x:2.68742895126343 y:0.999899387359619 z:15.2876071929932",
        "rotation": "x:0 y:0 z:0",
        "scale": "x:1 y:1 z:1",
        "selectable": "true",
        "useAnchor": "false",
        "useForCollision": "false"
      }
    }
  ],
  "skyBox": [
    {
      "texture": [
        "@asset/Texture/SkyBox/Common2/Sky03_right.png",
        "@asset/Texture/SkyBox/Common2/Sky03_left.png",
        "@asset/Texture/SkyBox/Common2/Sky03_top.png",
        "@asset/Texture/SkyBox/Common2/Sky03_bottom.png",
        "@asset/Texture/SkyBox/Common2/Sky03_back.png",
        "@asset/Texture/SkyBox/Common2/Sky03_front.png"
      ]
    }
  ],
  "skyBoxMode": "static_display",
  "skyBoxRotate": {
    "x": 0,
    "y": 0,
    "z": 0
  },
  "skyBoxTexPixFmt": "RGBA8",
  "skyBoxTexSize": 512,
  "touchPosY": {
    "touchdownPosY": -30,
    "touchupPosY": 600
  },
  "useLod": false
}