{
  "_clientScript": [],
  "_serverScript": [],
  "actorGirlName": "asset/Actor/charactor/charactor_girl/character_girl.actor",
  "actorName": "asset/Actor/Green Light Black Robot/g2047_npc_zhanjie_2.actor",
  "aiFixSpeedRate": 2,
  "attackNpc": true,
  "autoAttack": true,
  "autoMove": false,
  "autoRotateColliderBox": true,
  "avoidCliff": true,
  "avoidCliffHight": 5,
  "boundingScaleWithSize": true,
  "canClick": false,
  "canHurtMove": true,
  "canJump": true,
  "canMove": true,
  "canPickOnDie": false,
  "canTurnHead": false,
  "castRealShadowAtFirstPRV": false,
  "chaseDistance": 100,
  "chaseInterval": 10,
  "checkPartTouchEvent": true,
  "clickDistance": 4,
  "collider": {
    "extent": {
      "x": 0.6,
      "y": 1.8,
      "z": 0.6
    },
    "offset": {
      "x": 0,
      "y": 0,
      "z": 0
    },
    "rotation": {
      "x": 0,
      "y": 0,
      "z": 0
    },
    "type": "Box"
  },
  "collision": true,
  "damage": 0,
  "deathHideTime": 20,
  "destroyTime": 0,
  "disableShadow": true,
  "disableShadowAtFirstPRV": true,
  "dropDamageRatio": 0,
  "dropDamageStart": 1.5,
  "enableAI": true,
  "enableMeshNavigate": true,
  "equipTrays": [],
  "eyeHeight": 1.62,
  "followEntityDistanceWhenHasTarget": 10,
  "followEntityDistanceWhenNotTarget": 5,
  "gravity": 0.08,
  "headPic": "",
  "hideHolder": false,
  "hideHp": 1,
  "hideName": false,
  "hpBarColor": 4294967551,
  "hpBarHeight": 0.2,
  "hpBarWidth": 1,
  "hpFaceCamera": 0,
  "hurtResistantTime": 0,
  "idleProb": 0,
  "idleTime": [
    10,
    30
  ],
  "isPlayer": false,
  "jumpHeight": 0.6,
  "jumpSpeed": 0.5,
  "maxHp": 100,
  "maxVisualAngle": 360,
  "meetCliffBackRun": true,
  "moveAcc": 0.2,
  "moveFactor": 1,
  "moveSpeed": 0.2,
  "name": "entity_1460381a-0200-430f-af66-dc2bd0f24bc0",
  "needCheckTouch": true,
  "nextChaseInterval": 2,
  "patrolDistance": 10,
  "randomPlayDeadActions": [
    ""
  ],
  "reachDistance": 6.5,
  "setFollowWhenCreate": true,
  "skillInfoList": [
    {
      "__OBJ_TYPE": "AI_Skill",
      "attackDis": 100,
      "fullName": "myplugin/fe9d1f63-9d26-48e9-9169-33d002a8575b",
      "priority": 0
    }
  ],
  "skillInfos": [
    "myplugin/fe9d1f63-9d26-48e9-9169-33d002a8575b"
  ],
  "stepHeight": 0.6,
  "textHeight": 2.3,
  "touchdownTimeToDie": true,
  "touchdownTimeToDieTick": 5,
  "unassailable": 0,
  "undamageable": 0
}